Name,Typ,Beschriftung,Werte,Mass
BFS_2017,Numerisch,BFS-Nr. der Gemeinde,Ohne,Skala
Gemeinde_2017,Zeichenfolge,Gemeindenamen,Ohne,Nominal
GSB17_Teilnahme,Numerisch,Hat die Gemeinde an der Gemeindeschreiberbefragung 2017 teilgenommen?,"{0, Nein}, {1, Ja}",Nominal
GSB17_Q1_1,Numerisch,1. Betroffenheit von gesellschaftlichen Entwicklungen - Arbeitslosigkeit,"{1, stark betroffen}, {2, zum Teil betroffen}, {3, nicht betroffen}",Nominal
GSB17_Q1_2,Numerisch,1. Betroffenheit von gesellschaftlichen Entwicklungen - fehlende Arbeitsplätze in der Gemeinde,"{1, stark betroffen}, {2, zum Teil betroffen}, {3, nicht betroffen}",Nominal
GSB17_Q1_3,Numerisch,1. Betroffenheit von gesellschaftlichen Entwicklungen - Drogenproblem,"{1, stark betroffen}, {2, zum Teil betroffen}, {3, nicht betroffen}",Nominal
GSB17_Q1_4,Numerisch,1. Betroffenheit von gesellschaftlichen Entwicklungen - Kriminalität,"{1, stark betroffen}, {2, zum Teil betroffen}, {3, nicht betroffen}",Nominal
GSB17_Q1_5,Numerisch,1. Betroffenheit von gesellschaftlichen Entwicklungen - Sozialhilfeempfänger,"{1, stark betroffen}, {2, zum Teil betroffen}, {3, nicht betroffen}",Nominal
GSB17_Q1_6,Numerisch,1. Betroffenheit von gesellschaftlichen Entwicklungen - Überalterung,"{1, stark betroffen}, {2, zum Teil betroffen}, {3, nicht betroffen}",Nominal
GSB17_Q1_7,Numerisch,1. Betroffenheit von gesellschaftlichen Entwicklungen - wenig gute Steuerzahler,"{1, stark betroffen}, {2, zum Teil betroffen}, {3, nicht betroffen}",Nominal
GSB17_Q1_8,Numerisch,1. Betroffenheit von gesellschaftlichen Entwicklungen - knapper Wohnraum,"{1, stark betroffen}, {2, zum Teil betroffen}, {3, nicht betroffen}",Nominal
GSB17_Q1_9,Numerisch,1. Betroffenheit von gesellschaftlichen Entwicklungen - Verkehrsbelastung,"{1, stark betroffen}, {2, zum Teil betroffen}, {3, nicht betroffen}",Nominal
GSB17_Q1_10,Numerisch,1. Betroffenheit von gesellschaftlichen Entwicklungen - Umweltbelastung,"{1, stark betroffen}, {2, zum Teil betroffen}, {3, nicht betroffen}",Nominal
GSB17_Q1_11,Numerisch,1. Betroffenheit von gesellschaftlichen Entwicklungen - Unterbringung von Asylsuchenden,"{1, stark betroffen}, {2, zum Teil betroffen}, {3, nicht betroffen}",Nominal
GSB17_Q1_12,Numerisch,1. Betroffenheit von gesellschaftlichen Entwicklungen - Integration von Ausländern,"{1, stark betroffen}, {2, zum Teil betroffen}, {3, nicht betroffen}",Nominal
GSB17_Q1_13,Numerisch,1. Betroffenheit von gesellschaftlichen Entwicklungen - Verkleinerung Bauzone (neues Raumplanungsgesetz),"{1, stark betroffen}, {2, zum Teil betroffen}, {3, nicht betroffen}",Nominal
GSB17_Q1_14,Numerisch,1. Betroffenheit von gesellschaftlichen Entwicklungen - starker Frankenkurs,"{1, stark betroffen}, {2, zum Teil betroffen}, {3, nicht betroffen}",Nominal
GSB17_Q2_Q2_1,Numerisch,2. Probleme / Leistungsgrenzen (LG) - Unterstützung und Betreuung älterer Personen,"{1, keine LG sichtbar}, {2, LG in Sicht}, {3, LG erreicht}, {4, LG überschritten}, {5, betrifft Gemeinde nicht}",Nominal
GSB17_Q2_Q2_2,Numerisch,2. Probleme / Leistungsgrenzen - Jugendarbeit,"{1, keine LG sichtbar}, {2, LG in Sicht}, {3, LG erreicht}, {4, LG überschritten}, {5, betrifft Gemeinde nicht}",Nominal
GSB17_Q2_Q2_3,Numerisch,2. Probleme / Leistungsgrenzen - familienergänzende Kinderbetreuung,"{1, keine LG sichtbar}, {2, LG in Sicht}, {3, LG erreicht}, {4, LG überschritten}, {5, betrifft Gemeinde nicht}",Nominal
GSB17_Q2_Q2_4,Numerisch,2. Probleme / Leistungsgrenzen - Unterstützung und Betreuung von Arbeitslosen,"{1, keine LG sichtbar}, {2, LG in Sicht}, {3, LG erreicht}, {4, LG überschritten}, {5, betrifft Gemeinde nicht}",Nominal
GSB17_Q2_Q2_5,Numerisch,2. Probleme / Leistungsgrenzen - Alters- und Pflegeheime,"{1, keine LG sichtbar}, {2, LG in Sicht}, {3, LG erreicht}, {4, LG überschritten}, {5, betrifft Gemeinde nicht}",Nominal
GSB17_Q2_Q2_6,Numerisch,2. Probleme / Leistungsgrenzen - Sozialhilfe,"{1, keine LG sichtbar}, {2, LG in Sicht}, {3, LG erreicht}, {4, LG überschritten}, {5, betrifft Gemeinde nicht}",Nominal
GSB17_Q2_Q2_7,Numerisch,2. Probleme / Leistungsgrenzen - Betreuung von Asylsuchenden,"{1, keine LG sichtbar}, {2, LG in Sicht}, {3, LG erreicht}, {4, LG überschritten}, {5, betrifft Gemeinde nicht}",Nominal
GSB17_Q2_Q2_8,Numerisch,2. Probleme / Leistungsgrenzen - Betreuung von Drogenabhängigen,"{1, keine LG sichtbar}, {2, LG in Sicht}, {3, LG erreicht}, {4, LG überschritten}, {5, betrifft Gemeinde nicht}",Nominal
GSB17_Q2_Q2_9,Numerisch,2. Probleme / Leistungsgrenzen - Integration von Ausländern,"{1, keine LG sichtbar}, {2, LG in Sicht}, {3, LG erreicht}, {4, LG überschritten}, {5, betrifft Gemeinde nicht}",Nominal
GSB17_Q2_Q2_10,Numerisch,2. Probleme / Leistungsgrenzen - Spitex,"{1, keine LG sichtbar}, {2, LG in Sicht}, {3, LG erreicht}, {4, LG überschritten}, {5, betrifft Gemeinde nicht}",Nominal
GSB17_Q2_Q2_11,Numerisch,2. Probleme / Leistungsgrenzen - Volksschule,"{1, keine LG sichtbar}, {2, LG in Sicht}, {3, LG erreicht}, {4, LG überschritten}, {5, betrifft Gemeinde nicht}",Nominal
GSB17_Q2_Q2_12,Numerisch,2. Probleme / Leistungsgrenzen - Kultur,"{1, keine LG sichtbar}, {2, LG in Sicht}, {3, LG erreicht}, {4, LG überschritten}, {5, betrifft Gemeinde nicht}",Nominal
GSB17_Q2_Q2_13,Numerisch,2. Probleme / Leistungsgrenzen - Sport/Sportanlagen,"{1, keine LG sichtbar}, {2, LG in Sicht}, {3, LG erreicht}, {4, LG überschritten}, {5, betrifft Gemeinde nicht}",Nominal
GSB17_Q2_Q2_14,Numerisch,2. Probleme / Leistungsgrenzen - Bewilligung von Baugesuchen,"{1, keine LG sichtbar}, {2, LG in Sicht}, {3, LG erreicht}, {4, LG überschritten}, {5, betrifft Gemeinde nicht}",Nominal
GSB17_Q2_Q2_15,Numerisch,2. Probleme / Leistungsgrenzen - Raum- und Zonenplanung,"{1, keine LG sichtbar}, {2, LG in Sicht}, {3, LG erreicht}, {4, LG überschritten}, {5, betrifft Gemeinde nicht}",Nominal
GSB17_Q2_Q2_16,Numerisch,2. Probleme / Leistungsgrenzen - Landschafts- und Ortsbildschutz,"{1, keine LG sichtbar}, {2, LG in Sicht}, {3, LG erreicht}, {4, LG überschritten}, {5, betrifft Gemeinde nicht}",Nominal
GSB17_Q2_Q2_17,Numerisch,2. Probleme / Leistungsgrenzen - öffentliche Bauten,"{1, keine LG sichtbar}, {2, LG in Sicht}, {3, LG erreicht}, {4, LG überschritten}, {5, betrifft Gemeinde nicht}",Nominal
GSB17_Q2_Q2_18,Numerisch,2. Probleme / Leistungsgrenzen - öffentlicher Verkehr,"{1, keine LG sichtbar}, {2, LG in Sicht}, {3, LG erreicht}, {4, LG überschritten}, {5, betrifft Gemeinde nicht}",Nominal
GSB17_Q2_Q2_19,Numerisch,2. Probleme / Leistungsgrenzen - privater Verkehr (Strassenbau/Verkehrsberuhigung),"{1, keine LG sichtbar}, {2, LG in Sicht}, {3, LG erreicht}, {4, LG überschritten}, {5, betrifft Gemeinde nicht}",Nominal
GSB17_Q2_Q2_20,Numerisch,2. Probleme / Leistungsgrenzen - Wirtschaftsförderung,"{1, keine LG sichtbar}, {2, LG in Sicht}, {3, LG erreicht}, {4, LG überschritten}, {5, betrifft Gemeinde nicht}",Nominal
GSB17_Q2_Q2_21,Numerisch,2. Probleme / Leistungsgrenzen - Wasserversorgung,"{1, keine LG sichtbar}, {2, LG in Sicht}, {3, LG erreicht}, {4, LG überschritten}, {5, betrifft Gemeinde nicht}",Nominal
GSB17_Q2_Q2_22,Numerisch,2. Probleme / Leistungsgrenzen - Abwasser/Kanalisation,"{1, keine LG sichtbar}, {2, LG in Sicht}, {3, LG erreicht}, {4, LG überschritten}, {5, betrifft Gemeinde nicht}",Nominal
GSB17_Q2_Q2_23,Numerisch,2. Probleme / Leistungsgrenzen - Abfall/Entsorgung,"{1, keine LG sichtbar}, {2, LG in Sicht}, {3, LG erreicht}, {4, LG überschritten}, {5, betrifft Gemeinde nicht}",Nominal
GSB17_Q2_Q2_24,Numerisch,2. Probleme / Leistungsgrenzen - Energieversorgung,"{1, keine LG sichtbar}, {2, LG in Sicht}, {3, LG erreicht}, {4, LG überschritten}, {5, betrifft Gemeinde nicht}",Nominal
GSB17_Q2_Q2_25,Numerisch,2. Probleme / Leistungsgrenzen - Umweltschutz,"{1, keine LG sichtbar}, {2, LG in Sicht}, {3, LG erreicht}, {4, LG überschritten}, {5, betrifft Gemeinde nicht}",Nominal
GSB17_Q2_Q2_26,Numerisch,2. Probleme / Leistungsgrenzen - Feuerwehr,"{1, keine LG sichtbar}, {2, LG in Sicht}, {3, LG erreicht}, {4, LG überschritten}, {5, betrifft Gemeinde nicht}",Nominal
GSB17_Q2_Q2_27,Numerisch,2. Probleme / Leistungsgrenzen - gemeindepolizeiliche Aufgaben,"{1, keine LG sichtbar}, {2, LG in Sicht}, {3, LG erreicht}, {4, LG überschritten}, {5, betrifft Gemeinde nicht}",Nominal
GSB17_Q2_Q2_28,Numerisch,2. Probleme / Leistungsgrenzen - Gemeindeverwaltung: insgesamt,"{1, keine LG sichtbar}, {2, LG in Sicht}, {3, LG erreicht}, {4, LG überschritten}, {5, betrifft Gemeinde nicht}",Nominal
GSB17_Q2_Q2_29,Numerisch,2. Probleme / Leistungsgrenzen - Gemeindeverwaltung: Informatik,"{1, keine LG sichtbar}, {2, LG in Sicht}, {3, LG erreicht}, {4, LG überschritten}, {5, betrifft Gemeinde nicht}",Nominal
GSB17_Q2_Q2_30,Numerisch,2. Probleme / Leistungsgrenzen - Gemeindeverwaltung: Finanzverwaltung,"{1, keine LG sichtbar}, {2, LG in Sicht}, {3, LG erreicht}, {4, LG überschritten}, {5, betrifft Gemeinde nicht}",Nominal
GSB17_Q2_Q2_31,Numerisch,2. Probleme / Leistungsgrenzen - Gemeindeverwaltung: Einwohnerdienste,"{1, keine LG sichtbar}, {2, LG in Sicht}, {3, LG erreicht}, {4, LG überschritten}, {5, betrifft Gemeinde nicht}",Nominal
GSB17_Q2_Q2_32,Numerisch,2. Probleme / Leistungsgrenzen - Gemeindeexekutive,"{1, keine LG sichtbar}, {2, LG in Sicht}, {3, LG erreicht}, {4, LG überschritten}, {5, betrifft Gemeinde nicht}",Nominal
GSB17_Q3,Numerisch,3. Wie hat sich der Steuerfuss 2017 Ihrer Gemeinde im Vergleich zu 2010 verändert?,"{1, gestiegen}, {2, gleich geblieben}, {3, gesunken}, {99, weiss nicht}",Nominal
GSB17_Q4,Numerisch,4. Veränderung realer Ertrag aus der Einkommens- und Vermögenssteuer seit 2010,"{1, stark zugenommen}, {2, zugenommen}, {3, gleich geblieben}, {4, abgenommen}, {5, stark abgenommen}",Nominal
GSB17_Q5,Numerisch,5. Wie hat sich die Nettoverschuldung in Ihrer Gemeinde seit 2010 verändert?,"{1, stark zugenommen}, {2, zugenommen}, {3, gleich geblieben}, {4, abgenommen}, {5, stark abgenommen}",Nominal
GSB17_Q6,Numerisch,6. Wie steht Ihre Gemeinde im kantonalen Finanzausgleich?,"{1, Gemeinde ist Nettozahlerin}, {2, Gemeinde ist Nettoempfängerin}, {3, Gemeinde ist nicht betroffen}, {4, es existiert kein Finanzausgleich}, {99, weiss nicht}",Nominal
GSB17_Q7,Numerisch,7. Anteil der Steuereinnahmen an den Gesamteinnahmen der Gemeinde?,"{1, weniger als 25%}, {2, zwischen 25 und 49%}, {3, zwischen 50 und 64%}, {4, zwischen 65 und 80%}, {5, mehr als 80%}, {99, weiss nicht}",Nominal
GSB17_Q8_1,Numerisch,8. Nutzung von Führungsinstrumenten - Trennung von strategischen und operativen Aufgaben,"{1, mehr als 5 Jahre}, {2, weniger als 5 Jahre}, {3, nicht genutzt}, {4, gab erfolglose Versuche}",Nominal
GSB17_Q8_2,Numerisch,8. Nutzung von Führungsinstrumenten - Globalbudgets,"{1, mehr als 5 Jahre}, {2, weniger als 5 Jahre}, {3, nicht genutzt}, {4, gab erfolglose Versuche}",Nominal
GSB17_Q8_3,Numerisch,8. Nutzung von Führungsinstrumenten - Integrierter Aufgaben- und Finanzplan,"{1, mehr als 5 Jahre}, {2, weniger als 5 Jahre}, {3, nicht genutzt}, {4, gab erfolglose Versuche}",Nominal
GSB17_Q8_4,Numerisch,8. Nutzung von Führungsinstrumenten - Produktdefinitionen,"{1, mehr als 5 Jahre}, {2, weniger als 5 Jahre}, {3, nicht genutzt}, {4, gab erfolglose Versuche}",Nominal
GSB17_Q8_5,Numerisch,8. Nutzung von Führungsinstrumenten - Leistungsaufträge an Verwaltung,"{1, mehr als 5 Jahre}, {2, weniger als 5 Jahre}, {3, nicht genutzt}, {4, gab erfolglose Versuche}",Nominal
GSB17_Q8_6,Numerisch,8. Nutzung von Führungsinstrumenten - Controlling,"{1, mehr als 5 Jahre}, {2, weniger als 5 Jahre}, {3, nicht genutzt}, {4, gab erfolglose Versuche}",Nominal
GSB17_Q8_7,Numerisch,8. Nutzung von Führungsinstrumenten - Evaluationen,"{1, mehr als 5 Jahre}, {2, weniger als 5 Jahre}, {3, nicht genutzt}, {4, gab erfolglose Versuche}",Nominal
GSB17_Q8_8,Numerisch,8. Nutzung von Führungsinstrumenten - leistungsabhleistungsabhängige Entlöhnung,"{1, mehr als 5 Jahre}, {2, weniger als 5 Jahre}, {3, nicht genutzt}, {4, gab erfolglose Versuche}",Nominal
GSB17_Q8_9,Numerisch,8. Nutzung von Führungsinstrumenten - Übertragung von Aufgaben an Dritte (Outsourcing)gung,"{1, mehr als 5 Jahre}, {2, weniger als 5 Jahre}, {3, nicht genutzt}, {4, gab erfolglose Versuche}",Nominal
GSB17_Q8_10,Numerisch,8. Nutzung von Führungsinstrumenten - Public-Private-Partnerships (PPP),"{1, mehr als 5 Jahre}, {2, weniger als 5 Jahre}, {3, nicht genutzt}, {4, gab erfolglose Versuche}",Nominal
GSB17_Q8_11,Numerisch,8. Nutzung von Führungsinstrumenten - Leitbild für die Gemeindepolitik,"{1, mehr als 5 Jahre}, {2, weniger als 5 Jahre}, {3, nicht genutzt}, {4, gab erfolglose Versuche}",Nominal
GSB17_Q8_12,Numerisch,8. Nutzung von Führungsinstrumenten - Bevölkerungs- und Kundenbefragungen,"{1, mehr als 5 Jahre}, {2, weniger als 5 Jahre}, {3, nicht genutzt}, {4, gab erfolglose Versuche}",Nominal
GSB17_Q8_13,Numerisch,8. Nutzung von Führungsinstrumenten - Gemeindeleistungen können über Internet  bestellt werden,"{1, mehr als 5 Jahre}, {2, weniger als 5 Jahre}, {3, nicht genutzt}, {4, gab erfolglose Versuche}",Nominal
GSB17_Q8_14,Numerisch,8. Nutzung von Führungsinstrumenten - Legislaturplanung,"{1, mehr als 5 Jahre}, {2, weniger als 5 Jahre}, {3, nicht genutzt}, {4, gab erfolglose Versuche}",Nominal
GSB17_Q9,Numerisch,9. Wird  Gemeinde nach den Prinzipien des New Public Management (NPM) geführt?,"{1, nein}, {2, ja, vollumfänglich}, {3, ja, teilweise}",Nominal
GSB17_Q10,Numerisch,"10. Inanspruchnahme von Leistungen von Beratungsunternehmen, Forschungsinstituten, anderen Experten?","{1, ja}, {2, nein}",Nominal
GSB17_Q11_1,Numerisch,11. Aufgaben mit externer Unterstützung - Erstellen eines Leitbildes,"{1, ja}, {2, nein}",Nominal
GSB17_Q11_2,Numerisch,11. Aufgaben mit externer Unterstützung - Strategische Positionierung der Gemeinde,"{1, ja}, {2, nein}",Nominal
GSB17_Q11_3,Numerisch,11. Aufgaben mit externer Unterstützung - Setzen von Legislaturzielen,"{1, ja}, {2, nein}",Nominal
GSB17_Q11_4,Numerisch,11. Aufgaben mit externer Unterstützung - verwaltungsinterne Reorganisation,"{1, ja}, {2, nein}",Nominal
GSB17_Q11_5,Numerisch,11. Aufgaben mit externer Unterstützung - Prozessoptimierung,"{1, ja}, {2, nein}",Nominal
GSB17_Q11_6,Numerisch,11. Aufgaben mit externer Unterstützung - temporäre personelle Projektunterstützung,"{1, ja}, {2, nein}",Nominal
GSB17_Q11_7,Numerisch,11. Aufgaben mit externer Unterstützung - Unterstützung bei der Personalrekrutierung,"{1, ja}, {2, nein}",Nominal
GSB17_Q11_8,Numerisch,11. Aufgaben mit externer Unterstützung - Mediation,"{1, ja}, {2, nein}",Nominal
GSB17_Q11_9,Numerisch,11. Aufgaben mit externer Unterstützung - Abklärung und/oder Umsetzung Sparmassnahme,"{1, ja}, {2, nein}",Nominal
GSB17_Q11_10,Numerisch,11. Aufgaben mit externer Unterstützung - Abklärung und/oder Umsetzung interkommunale Zusammenarbeit,"{1, ja}, {2, nein}",Nominal
GSB17_Q11_11,Numerisch,11. Aufgaben mit externer Unterstützung - Abklärung und/oder Umsetzung einer Fusion,"{1, ja}, {2, nein}",Nominal
GSB17_Q11_12,Numerisch,11. Aufgaben mit externer Unterstützung - Evaluationen,"{1, ja}, {2, nein}",Nominal
GSB17_Q11_13,Numerisch,11. Aufgaben mit externer Unterstützung - IT-Beschaffung,"{1, ja}, {2, nein}",Nominal
GSB17_Q11_14,Numerisch,11. Aufgaben mit externer Unterstützung - IT-Leistungen,"{1, ja}, {2, nein}",Nominal
GSB17_Q11_15,Numerisch,11. Aufgaben mit externer Unterstützung - Unterstützung bei Verwaltungsaufgaben,"{1, ja}, {2, nein}",Nominal
GSB17_Q12_Q12_1,Numerisch,"12. Aufgabenerfüllung: in Eigenerstellung, mit IKZ, mit Privaten? - Unterstützung und Betreuung älterer Personen","{1, Eigenerstellung}, {2, IKZ Vertrag}, {3, IKZ öff-rechtl. jur. Person}, {4, IKZ privatrechtl. jur. Person}, {5, Zusammenarbeit mit privaten Anbietern}, {6, keine Gemeindeaufgabe und/oder betrifft Gemeinde nicht}",Nominal
GSB17_Q12_Q12_2,Numerisch,"12. Aufgabenerfüllung: in Eigenerstellung, mit IKZ, mit Privaten? - Jugendarbeit","{1, Eigenerstellung}, {2, IKZ Vertrag}, {3, IKZ öff-rechtl. jur. Person}, {4, IKZ privatrechtl. jur. Person}, {5, Zusammenarbeit mit privaten Anbietern}, {6, keine Gemeindeaufgabe und/oder betrifft Gemeinde nicht}",Nominal
GSB17_Q12_Q12_3,Numerisch,"12. Aufgabenerfüllung: in Eigenerstellung, mit IKZ, mit Privaten? - familienergänzende Kinderbetreuung","{1, Eigenerstellung}, {2, IKZ Vertrag}, {3, IKZ öff-rechtl. jur. Person}, {4, IKZ privatrechtl. jur. Person}, {5, Zusammenarbeit mit privaten Anbietern}, {6, keine Gemeindeaufgabe und/oder betrifft Gemeinde nicht}",Nominal
GSB17_Q12_Q12_4,Numerisch,"12. Aufgabenerfüllung: in Eigenerstellung, mit IKZ, mit Privaten? - Unterstützung und Betreuung von Arbeitslosen","{1, Eigenerstellung}, {2, IKZ Vertrag}, {3, IKZ öff-rechtl. jur. Person}, {4, IKZ privatrechtl. jur. Person}, {5, Zusammenarbeit mit privaten Anbietern}, {6, keine Gemeindeaufgabe und/oder betrifft Gemeinde nicht}",Nominal
GSB17_Q12_Q12_5,Numerisch,"12. Aufgabenerfüllung: in Eigenerstellung, mit IKZ, mit Privaten? - Alters- und Pflegeheime","{1, Eigenerstellung}, {2, IKZ Vertrag}, {3, IKZ öff-rechtl. jur. Person}, {4, IKZ privatrechtl. jur. Person}, {5, Zusammenarbeit mit privaten Anbietern}, {6, keine Gemeindeaufgabe und/oder betrifft Gemeinde nicht}",Nominal
GSB17_Q12_Q12_6,Numerisch,"12. Aufgabenerfüllung: in Eigenerstellung, mit IKZ, mit Privaten? - Sozialhilfe","{1, Eigenerstellung}, {2, IKZ Vertrag}, {3, IKZ öff-rechtl. jur. Person}, {4, IKZ privatrechtl. jur. Person}, {5, Zusammenarbeit mit privaten Anbietern}, {6, keine Gemeindeaufgabe und/oder betrifft Gemeinde nicht}",Nominal
GSB17_Q12_Q12_7,Numerisch,"12. Aufgabenerfüllung: in Eigenerstellung, mit IKZ, mit Privaten? - Betreuung von Asylsuchenden","{1, Eigenerstellung}, {2, IKZ Vertrag}, {3, IKZ öff-rechtl. jur. Person}, {4, IKZ privatrechtl. jur. Person}, {5, Zusammenarbeit mit privaten Anbietern}, {6, keine Gemeindeaufgabe und/oder betrifft Gemeinde nicht}",Nominal
GSB17_Q12_Q12_8,Numerisch,"12. Aufgabenerfüllung: in Eigenerstellung, mit IKZ, mit Privaten? - Betreuung von Drogenabhängigen","{1, Eigenerstellung}, {2, IKZ Vertrag}, {3, IKZ öff-rechtl. jur. Person}, {4, IKZ privatrechtl. jur. Person}, {5, Zusammenarbeit mit privaten Anbietern}, {6, keine Gemeindeaufgabe und/oder betrifft Gemeinde nicht}",Nominal
GSB17_Q12_Q12_9,Numerisch,"12. Aufgabenerfüllung: in Eigenerstellung, mit IKZ, mit Privaten? - Integration von Ausländern","{1, Eigenerstellung}, {2, IKZ Vertrag}, {3, IKZ öff-rechtl. jur. Person}, {4, IKZ privatrechtl. jur. Person}, {5, Zusammenarbeit mit privaten Anbietern}, {6, keine Gemeindeaufgabe und/oder betrifft Gemeinde nicht}",Nominal
GSB17_Q12_Q12_10,Numerisch,"12. Aufgabenerfüllung: in Eigenerstellung, mit IKZ, mit Privaten? - Spitex","{1, Eigenerstellung}, {2, IKZ Vertrag}, {3, IKZ öff-rechtl. jur. Person}, {4, IKZ privatrechtl. jur. Person}, {5, Zusammenarbeit mit privaten Anbietern}, {6, keine Gemeindeaufgabe und/oder betrifft Gemeinde nicht}",Nominal
GSB17_Q12_Q12_11,Numerisch,"12. Aufgabenerfüllung: in Eigenerstellung, mit IKZ, mit Privaten? - Volksschule","{1, Eigenerstellung}, {2, IKZ Vertrag}, {3, IKZ öff-rechtl. jur. Person}, {4, IKZ privatrechtl. jur. Person}, {5, Zusammenarbeit mit privaten Anbietern}, {6, keine Gemeindeaufgabe und/oder betrifft Gemeinde nicht}",Nominal
GSB17_Q12_Q12_12,Numerisch,"12. Aufgabenerfüllung: in Eigenerstellung, mit IKZ, mit Privaten? - Kultur","{1, Eigenerstellung}, {2, IKZ Vertrag}, {3, IKZ öff-rechtl. jur. Person}, {4, IKZ privatrechtl. jur. Person}, {5, Zusammenarbeit mit privaten Anbietern}, {6, keine Gemeindeaufgabe und/oder betrifft Gemeinde nicht}",Nominal
GSB17_Q12_Q12_13,Numerisch,"12. Aufgabenerfüllung: in Eigenerstellung, mit IKZ, mit Privaten? - Sport/Sportanlagen","{1, Eigenerstellung}, {2, IKZ Vertrag}, {3, IKZ öff-rechtl. jur. Person}, {4, IKZ privatrechtl. jur. Person}, {5, Zusammenarbeit mit privaten Anbietern}, {6, keine Gemeindeaufgabe und/oder betrifft Gemeinde nicht}",Nominal
GSB17_Q12_Q12_14,Numerisch,"12. Aufgabenerfüllung: in Eigenerstellung, mit IKZ, mit Privaten? - Bewilligung von Baugesuchen","{1, Eigenerstellung}, {2, IKZ Vertrag}, {3, IKZ öff-rechtl. jur. Person}, {4, IKZ privatrechtl. jur. Person}, {5, Zusammenarbeit mit privaten Anbietern}, {6, keine Gemeindeaufgabe und/oder betrifft Gemeinde nicht}",Nominal
GSB17_Q12_Q12_15,Numerisch,"12. Aufgabenerfüllung: in Eigenerstellung, mit IKZ, mit Privaten? - Raum- und Zonenplanung","{1, Eigenerstellung}, {2, IKZ Vertrag}, {3, IKZ öff-rechtl. jur. Person}, {4, IKZ privatrechtl. jur. Person}, {5, Zusammenarbeit mit privaten Anbietern}, {6, keine Gemeindeaufgabe und/oder betrifft Gemeinde nicht}",Nominal
GSB17_Q12_Q12_16,Numerisch,"12. Aufgabenerfüllung: in Eigenerstellung, mit IKZ, mit Privaten? - Landschafts- und Ortsbildschutz","{1, Eigenerstellung}, {2, IKZ Vertrag}, {3, IKZ öff-rechtl. jur. Person}, {4, IKZ privatrechtl. jur. Person}, {5, Zusammenarbeit mit privaten Anbietern}, {6, keine Gemeindeaufgabe und/oder betrifft Gemeinde nicht}",Nominal
GSB17_Q12_Q12_17,Numerisch,"12. Aufgabenerfüllung: in Eigenerstellung, mit IKZ, mit Privaten? - öffentliche Bauten","{1, Eigenerstellung}, {2, IKZ Vertrag}, {3, IKZ öff-rechtl. jur. Person}, {4, IKZ privatrechtl. jur. Person}, {5, Zusammenarbeit mit privaten Anbietern}, {6, keine Gemeindeaufgabe und/oder betrifft Gemeinde nicht}",Nominal
GSB17_Q12_Q12_18,Numerisch,"12. Aufgabenerfüllung: in Eigenerstellung, mit IKZ, mit Privaten? - öffentlicher Verkehr","{1, Eigenerstellung}, {2, IKZ Vertrag}, {3, IKZ öff-rechtl. jur. Person}, {4, IKZ privatrechtl. jur. Person}, {5, Zusammenarbeit mit privaten Anbietern}, {6, keine Gemeindeaufgabe und/oder betrifft Gemeinde nicht}",Nominal
GSB17_Q12_Q12_19,Numerisch,"12. Aufgabenerfüllung: in Eigenerstellung, mit IKZ, mit Privaten? - privater Verkehr (Strassenbau/Verkehrsberuhigung)","{1, Eigenerstellung}, {2, IKZ Vertrag}, {3, IKZ öff-rechtl. jur. Person}, {4, IKZ privatrechtl. jur. Person}, {5, Zusammenarbeit mit privaten Anbietern}, {6, keine Gemeindeaufgabe und/oder betrifft Gemeinde nicht}",Nominal
GSB17_Q12_Q12_20,Numerisch,"12. Aufgabenerfüllung: in Eigenerstellung, mit IKZ, mit Privaten? - Wirtschaftsförderung","{1, Eigenerstellung}, {2, IKZ Vertrag}, {3, IKZ öff-rechtl. jur. Person}, {4, IKZ privatrechtl. jur. Person}, {5, Zusammenarbeit mit privaten Anbietern}, {6, keine Gemeindeaufgabe und/oder betrifft Gemeinde nicht}",Nominal
GSB17_Q12_Q12_21,Numerisch,"12. Aufgabenerfüllung: in Eigenerstellung, mit IKZ, mit Privaten? - Wasserversorgung","{1, Eigenerstellung}, {2, IKZ Vertrag}, {3, IKZ öff-rechtl. jur. Person}, {4, IKZ privatrechtl. jur. Person}, {5, Zusammenarbeit mit privaten Anbietern}, {6, keine Gemeindeaufgabe und/oder betrifft Gemeinde nicht}",Nominal
GSB17_Q12_Q12_22,Numerisch,"12. Aufgabenerfüllung: in Eigenerstellung, mit IKZ, mit Privaten? - Abwasser/Kanalisation","{1, Eigenerstellung}, {2, IKZ Vertrag}, {3, IKZ öff-rechtl. jur. Person}, {4, IKZ privatrechtl. jur. Person}, {5, Zusammenarbeit mit privaten Anbietern}, {6, keine Gemeindeaufgabe und/oder betrifft Gemeinde nicht}",Nominal
GSB17_Q12_Q12_23,Numerisch,"12. Aufgabenerfüllung: in Eigenerstellung, mit IKZ, mit Privaten? - Abfall/Entsorgung","{1, Eigenerstellung}, {2, IKZ Vertrag}, {3, IKZ öff-rechtl. jur. Person}, {4, IKZ privatrechtl. jur. Person}, {5, Zusammenarbeit mit privaten Anbietern}, {6, keine Gemeindeaufgabe und/oder betrifft Gemeinde nicht}",Nominal
GSB17_Q12_Q12_24,Numerisch,"12. Aufgabenerfüllung: in Eigenerstellung, mit IKZ, mit Privaten? - Energieversorgung","{1, Eigenerstellung}, {2, IKZ Vertrag}, {3, IKZ öff-rechtl. jur. Person}, {4, IKZ privatrechtl. jur. Person}, {5, Zusammenarbeit mit privaten Anbietern}, {6, keine Gemeindeaufgabe und/oder betrifft Gemeinde nicht}",Nominal
GSB17_Q12_Q12_25,Numerisch,"12. Aufgabenerfüllung: in Eigenerstellung, mit IKZ, mit Privaten? - Umweltschutz","{1, Eigenerstellung}, {2, IKZ Vertrag}, {3, IKZ öff-rechtl. jur. Person}, {4, IKZ privatrechtl. jur. Person}, {5, Zusammenarbeit mit privaten Anbietern}, {6, keine Gemeindeaufgabe und/oder betrifft Gemeinde nicht}",Nominal
GSB17_Q12_Q12_26,Numerisch,"12. Aufgabenerfüllung: in Eigenerstellung, mit IKZ, mit Privaten? - Feuerwehr","{1, Eigenerstellung}, {2, IKZ Vertrag}, {3, IKZ öff-rechtl. jur. Person}, {4, IKZ privatrechtl. jur. Person}, {5, Zusammenarbeit mit privaten Anbietern}, {6, keine Gemeindeaufgabe und/oder betrifft Gemeinde nicht}",Nominal
GSB17_Q12_Q12_27,Numerisch,"12. Aufgabenerfüllung: in Eigenerstellung, mit IKZ, mit Privaten? - gemeindepolizeiliche Aufgaben","{1, Eigenerstellung}, {2, IKZ Vertrag}, {3, IKZ öff-rechtl. jur. Person}, {4, IKZ privatrechtl. jur. Person}, {5, Zusammenarbeit mit privaten Anbietern}, {6, keine Gemeindeaufgabe und/oder betrifft Gemeinde nicht}",Nominal
GSB17_Q12_Q12_28,Numerisch,"12. Aufgabenerfüllung: in Eigenerstellung, mit IKZ, mit Privaten? - Gemeindeverwaltung: insgesamt","{1, Eigenerstellung}, {2, IKZ Vertrag}, {3, IKZ öff-rechtl. jur. Person}, {4, IKZ privatrechtl. jur. Person}, {5, Zusammenarbeit mit privaten Anbietern}, {6, keine Gemeindeaufgabe und/oder betrifft Gemeinde nicht}",Nominal
GSB17_Q12_Q12_29,Numerisch,"12. Aufgabenerfüllung: in Eigenerstellung, mit IKZ, mit Privaten? - Gemeindeverwaltung: Informatik","{1, Eigenerstellung}, {2, IKZ Vertrag}, {3, IKZ öff-rechtl. jur. Person}, {4, IKZ privatrechtl. jur. Person}, {5, Zusammenarbeit mit privaten Anbietern}, {6, keine Gemeindeaufgabe und/oder betrifft Gemeinde nicht}",Nominal
GSB17_Q12_Q12_30,Numerisch,"12. Aufgabenerfüllung: in Eigenerstellung, mit IKZ, mit Privaten? - Gemeindeverwaltung: Finanzverwaltung","{1, Eigenerstellung}, {2, IKZ Vertrag}, {3, IKZ öff-rechtl. jur. Person}, {4, IKZ privatrechtl. jur. Person}, {5, Zusammenarbeit mit privaten Anbietern}, {6, keine Gemeindeaufgabe und/oder betrifft Gemeinde nicht}",Nominal
GSB17_Q12_Q12_31,Numerisch,"12. Aufgabenerfüllung: in Eigenerstellung, mit IKZ, mit Privaten? - Gemeindeverwaltung: Einwohnerdienste","{1, Eigenerstellung}, {2, IKZ Vertrag}, {3, IKZ öff-rechtl. jur. Person}, {4, IKZ privatrechtl. jur. Person}, {5, Zusammenarbeit mit privaten Anbietern}, {6, keine Gemeindeaufgabe und/oder betrifft Gemeinde nicht}",Nominal
GSB17_Q12_Q12_32,Numerisch,"12. Aufgabenerfüllung: in Eigenerstellung, mit IKZ, mit Privaten? - Gemeindebehörden","{1, Eigenerstellung}, {2, IKZ Vertrag}, {3, IKZ öff-rechtl. jur. Person}, {4, IKZ privatrechtl. jur. Person}, {5, Zusammenarbeit mit privaten Anbietern}, {6, keine Gemeindeaufgabe und/oder betrifft Gemeinde nicht}",Nominal
GSB17_Q13_1,Numerisch,13. Veränderung der Formen der Aufgabenerfüllung in den letzten 5 Jahren: Eigenerstellung,"{1, abgenommen}, {2, gleichgeblieben}, {3, zugenommen}",Nominal
GSB17_Q13_2,Numerisch,13. Veränderung der Formen der Aufgabenerfüllung in den letzten 5 Jahren: Interkommunale Zusammenarbeit (IKZ),"{1, abgenommen}, {2, gleichgeblieben}, {3, zugenommen}",Nominal
GSB17_Q13_3,Numerisch,13. Veränderung der Formen der Aufgabenerfüllung in den letzten 5 Jahren: Zusammenarbeit mit privaten Anbietern,"{1, abgenommen}, {2, gleichgeblieben}, {3, zugenommen}",Nominal
GSB17_Q14,Numerisch,14. Wurde seit dem 1.1.2010 über eine Fusion mit Nachbargemeinde(n) diskutiert?,"{1, ja}, {2, nein}",Nominal
GSB17_Q15,Numerisch,15. Besteht/bestand seit dem 1.1.2010 ein konkretes Fusionsprojekt?,"{1, nein}, {2, ja, neue Gemeinde besteht bereits}, {3, ja, die zuständigen Instanzen haben das Projekt genehmigt}, {4, ja, ein Fusionsprojekt wird geprüft}, {5, ja, aber wurde abgebrochen}",Nominal
GSB17_Q15_1_1,Numerisch,15. Wann war die Fusion? - Fusionsjahr:,Ohne,Skala
GSB17_Q15_2_1,Numerisch,15. Wann wird die Fusion in Kraft gesetzt?  (Jahr) - Inkraftsetzung Fusion:,Ohne,Skala
GSB17_Q96_1,Numerisch,15. Wann ist die Fusion geplant?  (Jahr) - geplantes Fusionsjahr?,Ohne,Skala
GSB17_Q16,Numerisch,16. Ist Ihre Gemeinde aus einer Fusion entstanden (seit 1990)?,"{1, ja}, {1, nein}",Nominal
GSB17_Q17,Numerisch,17. Welche Rolle soll der Kanton im Zusammenhang mit Gemeindefusionen übernehmen,"{1, aktive Rolle mit Möglichkeit zur zwangsweisen Fusion}, {2, aktive Rolle mit ""sanftem Druck"" (z.B. finanzielle Anreize)}, {3, Beratung und Unterstützung, falls von den Gemeinden gewünscht}, {4, geht den Kanton nichts an}",Nominal
GSB17_Q18_1,Numerisch,18. Denkbare Auswirkungen einer Gemeindefusion: Rekrutierung von Kandidaten/-innen für politische Ämter,"{1, 1-trifft voll zu}...",Nominal
GSB17_Q18_2,Numerisch,18. Denkbare Auswirkungen einer Gemeindefusion: Motivation der Mitarbeitenden,"{1, 1-trifft voll zu}...",Nominal
GSB17_Q18_3,Numerisch,18. Denkbare Auswirkungen einer Gemeindefusion: Verwaltungskultur,"{1, 1-trifft voll zu}...",Nominal
GSB17_Q18_4,Numerisch,18. Denkbare Auswirkungen einer Gemeindefusion: Professionalität der Verwaltung,"{1, 1-trifft voll zu}...",Nominal
GSB17_Q18_5,Numerisch,"18. Denkbare Auswirkungen einer Gemeindefusion: Anpassung der Strukturen (Personal, Abläufe, usw.)","{1, 1-trifft voll zu}...",Nominal
GSB17_Q18_6,Numerisch,18. Denkbare Auswirkungen einer Gemeindefusion: Steuerung einzelner Politikfelder,"{1, 1-trifft voll zu}...",Nominal
GSB17_Q18_7,Numerisch,18. Denkbare Auswirkungen einer Gemeindefusion: Leistungsangebot,"{1, 1-trifft voll zu}...",Nominal
GSB17_Q18_8,Numerisch,18. Denkbare Auswirkungen einer Gemeindefusion: Leistungsqualität,"{1, 1-trifft voll zu}...",Nominal
GSB17_Q18_9,Numerisch,18. Denkbare Auswirkungen einer Gemeindefusion: Verwaltungsliegenschaften,"{1, 1-trifft voll zu}...",Nominal
GSB17_Q18_10,Numerisch,18. Denkbare Auswirkungen einer Gemeindefusion: Verhältnis zum Kanton,"{1, 1-trifft voll zu}...",Nominal
GSB17_Q18_11,Numerisch,18. Denkbare Auswirkungen einer Gemeindefusion: Koordination,"{1, 1-trifft voll zu}...",Nominal
GSB17_Q18_12,Numerisch,18. Denkbare Auswirkungen einer Gemeindefusion: IKZ,"{1, 1-trifft voll zu}...",Nominal
GSB17_Q18_13,Numerisch,18. Denkbare Auswirkungen einer Gemeindefusion: finanzielle Lage,"{1, 1-trifft voll zu}...",Nominal
GSB17_Q18_14,Numerisch,18. Denkbare Auswirkungen einer Gemeindefusion: Verschuldung,"{1, 1-trifft voll zu}...",Nominal
GSB17_Q18_15,Numerisch,18. Denkbare Auswirkungen einer Gemeindefusion: Bürgernähe,"{1, 1-trifft voll zu}...",Nominal
GSB17_Q18_16,Numerisch,18. Denkbare Auswirkungen einer Gemeindefusion: Identifikation mit der  Gemeinde,"{1, 1-trifft voll zu}...",Nominal
GSB17_Q18_17,Numerisch,18. Denkbare Auswirkungen einer Gemeindefusion: politische Beteiligung,"{1, 1-trifft voll zu}...",Nominal
GSB17_Q18_18,Numerisch,18. Denkbare Auswirkungen einer Gemeindefusion: frühere Gemeinden werden in die Minderheit versetzt,"{1, 1-trifft voll zu}...",Nominal
GSB17_Q18_19,Numerisch,18. Denkbare Auswirkungen einer Gemeindefusion: politische Kräfteverhältnisse,"{1, 1-trifft voll zu}...",Nominal
GSB17_Q18_20,Numerisch,18. Denkbare Auswirkungen einer Gemeindefusion: Gemeindeautonomie,"{1, 1-trifft voll zu}...",Nominal
GSB17_Q18_21,Numerisch,18. Denkbare Auswirkungen einer Gemeindefusion: Kompetenzen der Gemeinde im Vergleich zum Kanton,"{1, 1-trifft voll zu}...",Nominal
GSB17_Q19_1,Numerisch,19. Wie beurteilen Sie die Autonomie Ihrer Gemeinde gegenüber Bund und Kanton?,"{1, überhaupt keine Autonomie1}...",Nominal
GSB17_Q20,Numerisch,20. Veränderung der Gemeindeautonomie in den letzten 10 Jahren?,"{1, eher zugenommen}...",Nominal
GSB17_Q21,Numerisch,21. Wie gestaltet sich die Zusammenarbeit der Gemeinde mit dem Kanton?,"{1, gut}...",Nominal
GSB17_Q22_1_1,Numerisch,22. Vollzug - Primarschule,"{1, bei Gemeinden}...",Nominal
GSB17_Q22_1_2,Numerisch,22. Vollzug - Bau- und Zonenordnung,"{1, bei Gemeinden}...",Nominal
GSB17_Q22_1_3,Numerisch,22. Vollzug - Baubewilligungen,"{1, bei Gemeinden}...",Nominal
GSB17_Q22_1_4,Numerisch,22. Vollzug - Polizei/Sicherheit,"{1, bei Gemeinden}...",Nominal
GSB17_Q22_1_5,Numerisch,22. Vollzug - Sozialhilfe,"{1, bei Gemeinden}...",Nominal
GSB17_Q22_1_6,Numerisch,22. Vollzug - öffentlicher Verkehr,"{1, bei Gemeinden}...",Nominal
GSB17_Q22_1_7,Numerisch,22. Vollzug - Gesundheitswesen,"{1, bei Gemeinden}...",Nominal
GSB17_Q22_1_8,Numerisch,22. Vollzug - Jugendfragen,"{1, bei Gemeinden}...",Nominal
GSB17_Q22_1_9,Numerisch,22. Vollzug - Krippenbetreuung,"{1, bei Gemeinden}...",Nominal
GSB17_Q22_1_10,Numerisch,22. Vollzug - Altenbetreuung,"{1, bei Gemeinden}...",Nominal
GSB17_Q22_1_11,Numerisch,22. Vollzug - Wohnungsbau,"{1, bei Gemeinden}...",Nominal
GSB17_Q22_1_12,Numerisch,22. Vollzug - Kultur,"{1, bei Gemeinden}...",Nominal
GSB17_Q22_1_13,Numerisch,22. Vollzug - Sport,"{1, bei Gemeinden}...",Nominal
GSB17_Q22_2_1,Numerisch,22. Finanzierung - Primarschule,"{1, bei Gemeinden}...",Nominal
GSB17_Q22_2_2,Numerisch,22. Finanzierung - Bau- und Zonenordnung,"{1, bei Gemeinden}...",Nominal
GSB17_Q22_2_3,Numerisch,22. Finanzierung - Baubewilligungen,"{1, bei Gemeinden}...",Nominal
GSB17_Q22_2_4,Numerisch,22. Finanzierung - Polizei/Sicherheit,"{1, bei Gemeinden}...",Nominal
GSB17_Q22_2_5,Numerisch,22. Finanzierung - Sozialhilfe,"{1, bei Gemeinden}...",Nominal
GSB17_Q22_2_6,Numerisch,22. Finanzierung - öffentlicher Verkehr,"{1, bei Gemeinden}...",Nominal
GSB17_Q22_2_7,Numerisch,22. Finanzierung - Gesundheitswesen,"{1, bei Gemeinden}...",Nominal
GSB17_Q22_2_8,Numerisch,22. Finanzierung - Jugendfragen,"{1, bei Gemeinden}...",Nominal
GSB17_Q22_2_9,Numerisch,22. Finanzierung - Krippenbetreuung,"{1, bei Gemeinden}...",Nominal
GSB17_Q22_2_10,Numerisch,22. Finanzierung - Altenbetreuung,"{1, bei Gemeinden}...",Nominal
GSB17_Q22_2_11,Numerisch,22. Finanzierung - Wohnungsbau,"{1, bei Gemeinden}...",Nominal
GSB17_Q22_2_12,Numerisch,22. Finanzierung - Kultur,"{1, bei Gemeinden}...",Nominal
GSB17_Q22_2_13,Numerisch,22. Finanzierung - Sport,"{1, bei Gemeinden}...",Nominal
GSB17_Q22_3_1,Numerisch,22. Entscheidung - Primarschule,"{1, bei Gemeinden}...",Nominal
GSB17_Q22_3_2,Numerisch,22. Entscheidung - Bau- und Zonenordnung,"{1, bei Gemeinden}...",Nominal
GSB17_Q22_3_3,Numerisch,22. Entscheidung - Baubewilligungen,"{1, bei Gemeinden}...",Nominal
GSB17_Q22_3_4,Numerisch,22. Entscheidung - Polizei/Sicherheit,"{1, bei Gemeinden}...",Nominal
GSB17_Q22_3_5,Numerisch,22. Entscheidung - Sozialhilfe,"{1, bei Gemeinden}...",Nominal
GSB17_Q22_3_6,Numerisch,22. Entscheidung - öffentlicher Verkehr,"{1, bei Gemeinden}...",Nominal
GSB17_Q22_3_7,Numerisch,22. Entscheidung - Gesundheitswesen,"{1, bei Gemeinden}...",Nominal
GSB17_Q22_3_8,Numerisch,22. Entscheidung - Jugendfragen,"{1, bei Gemeinden}...",Nominal
GSB17_Q22_3_9,Numerisch,22. Entscheidung - Krippenbetreuung,"{1, bei Gemeinden}...",Nominal
GSB17_Q22_3_10,Numerisch,22. Entscheidung - Altenbetreuung,"{1, bei Gemeinden}...",Nominal
GSB17_Q22_3_11,Numerisch,22. Entscheidung - Wohnungsbau,"{1, bei Gemeinden}...",Nominal
GSB17_Q22_3_12,Numerisch,22. Entscheidung - Kultur,"{1, bei Gemeinden}...",Nominal
GSB17_Q22_3_13,Numerisch,22. Entscheidung - Sport,"{1, bei Gemeinden}...",Nominal
GSB17_Q23_1_1,Numerisch,23. Programmvereinbarung ist bekannt - Programmvereinbarung im Bereich Lärm und Scha,"{1, nein}...",Nominal
GSB17_Q23_1_2,Numerisch,23. Programmvereinbarung ist bekannt - Programmvereinbarung kantonale Integrationsfö,"{1, nein}...",Nominal
GSB17_Q23_1_3,Numerisch,23. Programmvereinbarung ist bekannt - Programmvereinbarung im Bereich Natur und Lan,"{1, nein}...",Nominal
GSB17_Q23_1_4,Numerisch,23. Programmvereinbarung ist bekannt - Programmvereinbarung im Bereich Heimatschutz,"{1, nein}...",Nominal
GSB17_Q23_1_5,Numerisch,23. Programmvereinbarung ist bekannt - Programmvereinbarung zur Umsetzung der Neuen,"{1, nein}...",Nominal
GSB17_Q23_2_1,Numerisch,23. Gemeinde ist Bestandteil einer solchen Vereinbarung - Programmvereinbarung im Be,"{1, nein}...",Nominal
GSB17_Q23_2_2,Numerisch,23. Gemeinde ist Bestandteil einer solchen Vereinbarung - Programmvereinbarung kanto,"{1, nein}...",Nominal
GSB17_Q23_2_3,Numerisch,23. Gemeinde ist Bestandteil einer solchen Vereinbarung - Programmvereinbarung im Be,"{1, nein}...",Nominal
GSB17_Q23_2_4,Numerisch,23. Gemeinde ist Bestandteil einer solchen Vereinbarung - Programmvereinbarung im Be,"{1, nein}...",Nominal
GSB17_Q23_2_5,Numerisch,23. Gemeinde ist Bestandteil einer solchen Vereinbarung - Programmvereinbarung zur U,"{1, nein}...",Nominal
GSB17_Q23_3_1,Numerisch,23. Gemeinde war bei der Ausarbeitung involviert - Programmvereinbarung im Bereich L,"{1, nein}...",Nominal
GSB17_Q23_3_2,Numerisch,23. Gemeinde war bei der Ausarbeitung involviert - Programmvereinbarung kantonale In,"{1, nein}...",Nominal
GSB17_Q23_3_3,Numerisch,23. Gemeinde war bei der Ausarbeitung involviert - Programmvereinbarung im Bereich N,"{1, nein}...",Nominal
GSB17_Q23_3_4,Numerisch,23. Gemeinde war bei der Ausarbeitung involviert - Programmvereinbarung im Bereich H,"{1, nein}...",Nominal
GSB17_Q23_3_5,Numerisch,23. Gemeinde war bei der Ausarbeitung involviert - Programmvereinbarung zur Umsetzun,"{1, nein}...",Nominal
GSB17_Q24_1,Numerisch,24. Bedeutung von Politikbereichen in Gemeinde? - Sozialpolitik,"{1, überhaupt keine Bedeutung}...",Nominal
GSB17_Q24_2,Numerisch,24. Bedeutung von Politikbereichen in Gemeinde? - Bildungspolitik,"{1, überhaupt keine Bedeutung}...",Nominal
GSB17_Q24_3,Numerisch,24. Bedeutung von Politikbereichen in Gemeinde? - Umweltpolitik,"{1, überhaupt keine Bedeutung}...",Nominal
GSB17_Q24_4,Numerisch,24. Bedeutung von Politikbereichen in Gemeinde? - Asylpolitik,"{1, überhaupt keine Bedeutung}...",Nominal
GSB17_Q24_5,Numerisch,24. Bedeutung von Politikbereichen in Gemeinde? - Verkehrspolitik,"{1, überhaupt keine Bedeutung}...",Nominal
GSB17_Q24_6,Numerisch,24. Bedeutung von Politikbereichen in Gemeinde? - Finanzpolitik,"{1, 1-überhaupt keine Bedeutung}...",Nominal
GSB17_Q24_7,Numerisch,24. Bedeutung von Politikbereichen in Gemeinde? - Gesundheitspolitik,"{1, 1-überhaupt keine Bedeutung}...",Nominal
GSB17_Q24_8,Numerisch,24. Bedeutung von Politikbereichen in Gemeinde? - Energiepolitik,"{1, 1-überhaupt keine Bedeutung}...",Nominal
GSB17_Q24_9,Numerisch,24. Bedeutung von Politikbereichen in Gemeinde? - Baupolitik,"{1, 1-überhaupt keine Bedeutung}...",Nominal
GSB17_Q25_1,Numerisch,25. Bedeutung  von Politikplanungs- und Politikkoordinationsaktivitäten: Agenda 2030 (nachhaltige Entwicklung),"{1, wichtiges Thema}...",Nominal
GSB17_Q25_2,Numerisch,25. Bedeutung  von Politikplanungs- und Politikkoordinationsaktivitäten: Energiestrategie 2050,"{1, wichtiges Thema}...",Nominal
GSB17_Q25_3,Numerisch,25. Bedeutung  von Politikplanungs- und Politikkoordinationsaktivitäten: Nationaler Kulturdialog,"{1, wichtiges Thema}...",Nominal
GSB17_Q25_4,Numerisch,25. Bedeutung  von Politikplanungs- und Politikkoordinationsaktivitäten: Nationaler Dialog Sozialpolitik,"{1, wichtiges Thema}...",Nominal
GSB17_Q25_5,Numerisch,25. Bedeutung  von Politikplanungs- und Politikkoordinationsaktivitäten: E-Governmentstrategie Schweiz,"{1, wichtiges Thema}...",Nominal
GSB17_Q26_1_1,Numerisch,26. bekannt? - Lokale Agenda 21,"{1, ja}...",Nominal
GSB17_Q26_1_2,Numerisch,26. bekannt? - Energiestadt,"{1, ja}...",Nominal
GSB17_Q26_1_3,Numerisch,26. bekannt? - Kinderfreundliche Gemeinde UNICEF,"{1, ja}...",Nominal
GSB17_Q26_1_4,Numerisch,26. bekannt? - Vorbildliche Gemeinde Gerätebenzin,"{1, ja}...",Nominal
GSB17_Q26_1_5,Numerisch,26. bekannt? - EFQM,"{1, ja}...",Nominal
GSB17_Q26_1_6,Numerisch,26. bekannt? - ISO 9001 (Qualitätsmanagement),"{1, ja}...",Nominal
GSB17_Q26_1_7,Numerisch,26. bekannt? - ISO 14001 (Umweltmanagement),"{1, ja}...",Nominal
GSB17_Q26_1_8,Numerisch,26. bekannt? - ISO 50001 (Energiemanagement),"{1, ja}...",Nominal
GSB17_Q26_1_9,Numerisch,26. bekannt? - Urwaldfreundliche Gemeinde,"{1, ja}...",Nominal
GSB17_Q26_1_10,Numerisch,26. bekannt? - Gesunde Gemeinde,"{1, ja}...",Nominal
GSB17_Q26_2_1,Numerisch,26. Gemeinde hat Zertifikat/Label - Lokale Agenda 21,"{1, ja}...",Nominal
GSB17_Q26_2_2,Numerisch,26. Gemeinde hat Zertifikat/Label - Energiestadt,"{1, ja}...",Nominal
GSB17_Q26_2_3,Numerisch,26. Gemeinde hat Zertifikat/Label - Kinderfreundliche Gemeinde UNICEF,"{1, ja}...",Nominal
GSB17_Q26_2_4,Numerisch,26. Gemeinde hat Zertifikat/Label - Vorbildliche Gemeinde Gerätebenzin,"{1, ja}...",Nominal
GSB17_Q26_2_5,Numerisch,26. Gemeinde hat Zertifikat/Label - EFQM,"{1, ja}...",Nominal
GSB17_Q26_2_6,Numerisch,26. Gemeinde hat Zertifikat/Label - ISO 9001 (Qualitätsmanagement),"{1, ja}...",Nominal
GSB17_Q26_2_7,Numerisch,26. Gemeinde hat Zertifikat/Label - ISO 14001 (Umweltmanagement),"{1, ja}...",Nominal
GSB17_Q26_2_8,Numerisch,26. Gemeinde hat Zertifikat/Label - ISO 50001 (Energiemanagement),"{1, ja}...",Nominal
GSB17_Q26_2_9,Numerisch,26. Gemeinde hat Zertifikat/Label - Urwaldfreundliche Gemeinde,"{1, ja}...",Nominal
GSB17_Q26_2_10,Numerisch,26. Gemeinde hat Zertifikat/Label - Gesunde Gemeinde,"{1, ja}...",Nominal
GSB17_Q26_3_1,Numerisch,26. Zertifizierung/Labelisierung - Lokale Agenda 21,"{1, geplant}...",Nominal
GSB17_Q26_3_2,Numerisch,26. Zertifizierung/Labelisierung - Energiestadt,"{1, geplant}...",Nominal
GSB17_Q26_3_3,Numerisch,26. Zertifizierung/Labelisierung - Kinderfreundliche Gemeinde UNICEF,"{1, geplant}...",Nominal
GSB17_Q26_3_4,Numerisch,26. Zertifizierung/Labelisierung - Vorbildliche Gemeinde Gerätebenzin,"{1, geplant}...",Nominal
GSB17_Q26_3_5,Numerisch,26. Zertifizierung/Labelisierung - EFQM,"{1, geplant}...",Nominal
GSB17_Q26_3_6,Numerisch,26. Zertifizierung/Labelisierung - ISO 9001 (Qualitätsmanagement),"{1, geplant}...",Nominal
GSB17_Q26_3_7,Numerisch,26. Zertifizierung/Labelisierung - ISO 14001 (Umweltmanagement),"{1, geplant}...",Nominal
GSB17_Q26_3_8,Numerisch,26. Zertifizierung/Labelisierung - ISO 50001 (Energiemanagement),"{1, geplant}...",Nominal
GSB17_Q26_3_9,Numerisch,26. Zertifizierung/Labelisierung - Urwaldfreundliche Gemeinde,"{1, geplant}...",Nominal
GSB17_Q26_3_10,Numerisch,26. Zertifizierung/Labelisierung - Gesunde Gemeinde,"{1, geplant}...",Nominal
GSB17_Q27_1_1,Numerisch,27. abgehalten/ergriffen? - obligatorisches kommunales Referendum,"{1, ja}...",Nominal
GSB17_Q27_1_2,Numerisch,27. abgehalten/ergriffen? - fakultatives kommunales Referendum,"{1, ja}...",Nominal
GSB17_Q27_1_3,Numerisch,27. abgehalten/ergriffen? - kommunale Initiative,"{1, ja}...",Nominal
GSB17_Q27_2_1_1,Zeichenfolge,27. falls ja - obligatorisches kommunales Referendum - in den letzten 5 Jahren ....,Ohne,Nominal
GSB17_Q27_2_2_1,Zeichenfolge,27. falls ja - fakultatives kommunales Referendum - in den letzten 5 Jahren .... Mal,Ohne,Nominal
GSB17_Q27_2_3_1,Numerisch,27. falls ja - kommunale Initiative - in den letzten 5 Jahren .... Mal abgehalten/er,Ohne,Nominal
GSB17_Q28_1_1,Numerisch,28. praktiziert? - Mediation,"{1, nein}...",Nominal
GSB17_Q28_1_2,Numerisch,28. praktiziert? - runder Tisch,"{1, nein}...",Nominal
GSB17_Q28_1_3,Numerisch,28. praktiziert? - Infoanlässe,"{1, nein}...",Nominal
GSB17_Q28_1_4,Numerisch,28. praktiziert? - Zukunftswerkstätte,"{1, nein}...",Nominal
GSB17_Q28_1_5,Numerisch,28. praktiziert? - partizipative Planung,"{1, nein}...",Nominal
GSB17_Q28_1_6,Numerisch,28. praktiziert? - Bevölkerungsbefragung,"{1, nein}...",Nominal
GSB17_Q28_2_1,Numerisch,28. wie häufig? - Mediation,"{1, 1x}...",Nominal
GSB17_Q28_2_2,Numerisch,28. wie häufig? - runder Tisch,"{1, 1x}...",Nominal
GSB17_Q28_2_3,Numerisch,28. wie häufig? - Infoanlässe,"{1, 1x}...",Nominal
GSB17_Q28_2_4,Numerisch,28. wie häufig? - Zukunftswerkstätte,"{1, 1x}...",Nominal
GSB17_Q28_2_5,Numerisch,28. wie häufig? - partizipative Planung,"{1, 1x}...",Nominal
GSB17_Q28_2_6,Numerisch,28. wie häufig? - Bevölkerungsbefragung,"{1, 1x}...",Nominal
GSB17_Q29_1,Numerisch,29. Wie beurteilen Sie ganz allgemein das Interesse der Bevölkerung Ihrer Gemein,"{1, 1-sehr geringes Interesse}...",Nominal
GSB17_Q30_1,Numerisch,"30. Wie zufrieden sind Sie - alles in Allem - mit der Art und Weise, wie die Dem","{1, 1-äusserst unzufrieden}...",Nominal
GSB17_Q31_1,Numerisch,31. Wie beurteilen Sie das Leistungsangebot Ihrer Gemeinde im Vergleich zu ander,"{1, 1-sehr schlecht}...",Nominal
GSB17_Q32_1,Numerisch,32. Wie beurteilen Sie die Infrastruktur Ihrer Gemeinde im Vergleich zu anderen,"{1, 1-sehr schlecht}...",Nominal
GSB17_Q33,Numerisch,33. Gibt es in Ihrer Gemeinde organisierte lokale Parteien oder andere politisch,"{0, nein}...",Nominal
GSB17_Q34_1_1,Numerisch,34. organisiert? - FDP. Die Liberalen,"{1, ja}...",Nominal
GSB17_Q34_1_2,Numerisch,34. organisiert? - CVP,"{1, ja}...",Nominal
GSB17_Q34_1_3,Numerisch,34. organisiert? - CSP,"{1, ja}...",Nominal
GSB17_Q34_1_4,Numerisch,34. organisiert? - SVP,"{1, ja}...",Nominal
GSB17_Q34_1_5,Numerisch,34. organisiert? - SP,"{1, ja}...",Nominal
GSB17_Q34_1_6,Numerisch,34. organisiert? - BDP,"{1, ja}...",Nominal
GSB17_Q34_1_7,Numerisch,34. organisiert? - EVP,"{1, ja}...",Nominal
GSB17_Q34_1_8,Numerisch,34. organisiert? - EDU,"{1, ja}...",Nominal
GSB17_Q34_1_9,Numerisch,34. organisiert? - GLP,"{1, ja}...",Nominal
GSB17_Q34_1_10,Numerisch,34. organisiert? - GPS,"{1, ja}...",Nominal
GSB17_Q34_1_11,Numerisch,34. organisiert? - Lega,"{1, ja}...",Nominal
GSB17_Q34_1_12,Numerisch,34. organisiert? - andere Parteien,"{1, ja}...",Nominal
GSB17_Q34_1_13,Numerisch,34. organisiert? - Orts- und Gemeindevereine,"{1, ja}...",Nominal
GSB17_Q34_1_14,Numerisch,34. organisiert? - Wählervereinigung,"{1, ja}...",Nominal
GSB17_Q34_1_15,Numerisch,34. organisiert? - grün-alternative Gruppierungen,"{1, ja}...",Nominal
GSB17_Q34_1_16,Numerisch,34. organisiert? - andere politische Gruppierungen,"{1, ja}...",Nominal
GSB17_Q34_2_1,Numerisch,34. in den letzten 5 Jahren gegründet - FDP. Die Liberalen,"{1, in den letzten 5 Jahren gegründet}...",Nominal
GSB17_Q34_2_2,Numerisch,34. in den letzten 5 Jahren gegründet - CVP,"{1, in den letzten 5 Jahren gegründet}...",Nominal
GSB17_Q34_2_3,Numerisch,34. in den letzten 5 Jahren gegründet - CSP,"{1, in den letzten 5 Jahren gegründet}...",Nominal
GSB17_Q34_2_4,Numerisch,34. in den letzten 5 Jahren gegründet - SVP,"{1, in den letzten 5 Jahren gegründet}...",Nominal
GSB17_Q34_2_5,Numerisch,34. in den letzten 5 Jahren gegründet - SP,"{1, in den letzten 5 Jahren gegründet}...",Nominal
GSB17_Q34_2_6,Numerisch,34. in den letzten 5 Jahren gegründet - BDP,"{1, in den letzten 5 Jahren gegründet}...",Nominal
GSB17_Q34_2_7,Numerisch,34. in den letzten 5 Jahren gegründet - EVP,"{1, in den letzten 5 Jahren gegründet}...",Nominal
GSB17_Q34_2_8,Numerisch,34. in den letzten 5 Jahren gegründet - EDU,"{1, in den letzten 5 Jahren gegründet}...",Nominal
GSB17_Q34_2_9,Numerisch,34. in den letzten 5 Jahren gegründet - GLP,"{1, in den letzten 5 Jahren gegründet}...",Nominal
GSB17_Q34_2_10,Numerisch,34. in den letzten 5 Jahren gegründet - GPS,"{1, in den letzten 5 Jahren gegründet}...",Nominal
GSB17_Q34_2_11,Numerisch,34. in den letzten 5 Jahren gegründet - Lega,"{1, in den letzten 5 Jahren gegründet}...",Nominal
GSB17_Q34_2_12,Numerisch,34. in den letzten 5 Jahren gegründet - andere Parteien,"{1, in den letzten 5 Jahren gegründet}...",Nominal
GSB17_Q34_2_13,Numerisch,34. in den letzten 5 Jahren gegründet - Orts- und Gemeindevereine,"{1, in den letzten 5 Jahren gegründet}...",Nominal
GSB17_Q34_2_14,Numerisch,34. in den letzten 5 Jahren gegründet - Wählervereinigung,"{1, in den letzten 5 Jahren gegründet}...",Nominal
GSB17_Q34_2_15,Numerisch,34. in den letzten 5 Jahren gegründet - grün-alternative Gruppierungen,"{1, in den letzten 5 Jahren gegründet}...",Nominal
GSB17_Q34_2_16,Numerisch,34. in den letzten 5 Jahren gegründet - andere politische Gruppierungen,"{1, in den letzten 5 Jahren gegründet}...",Nominal
GSB17_Q34_3_1,Numerisch,34. in den letzten 5 Jahren aufgelöst - FDP. Die Liberalen,"{1, in den letzten 5 Jahren aufgelöst}...",Nominal
GSB17_Q34_3_2,Numerisch,34. in den letzten 5 Jahren aufgelöst - CVP,"{1, in den letzten 5 Jahren aufgelöst}...",Nominal
GSB17_Q34_3_3,Numerisch,34. in den letzten 5 Jahren aufgelöst - CSP,"{1, in den letzten 5 Jahren aufgelöst}...",Nominal
GSB17_Q34_3_4,Numerisch,34. in den letzten 5 Jahren aufgelöst - SVP,"{1, in den letzten 5 Jahren aufgelöst}...",Nominal
GSB17_Q34_3_5,Numerisch,34. in den letzten 5 Jahren aufgelöst - SP,"{1, in den letzten 5 Jahren aufgelöst}...",Nominal
GSB17_Q34_3_6,Numerisch,34. in den letzten 5 Jahren aufgelöst - BDP,"{1, in den letzten 5 Jahren aufgelöst}...",Nominal
GSB17_Q34_3_7,Numerisch,34. in den letzten 5 Jahren aufgelöst - EVP,"{1, in den letzten 5 Jahren aufgelöst}...",Nominal
GSB17_Q34_3_8,Numerisch,34. in den letzten 5 Jahren aufgelöst - EDU,"{1, in den letzten 5 Jahren aufgelöst}...",Nominal
GSB17_Q34_3_9,Numerisch,34. in den letzten 5 Jahren aufgelöst - GLP,"{1, in den letzten 5 Jahren aufgelöst}...",Nominal
GSB17_Q34_3_10,Numerisch,34. in den letzten 5 Jahren aufgelöst - GPS,"{1, in den letzten 5 Jahren aufgelöst}...",Nominal
GSB17_Q34_3_11,Numerisch,34. in den letzten 5 Jahren aufgelöst - Lega,"{1, in den letzten 5 Jahren aufgelöst}...",Nominal
GSB17_Q34_3_12,Numerisch,34. in den letzten 5 Jahren aufgelöst - andere Parteien,"{1, in den letzten 5 Jahren aufgelöst}...",Nominal
GSB17_Q34_3_13,Numerisch,34. in den letzten 5 Jahren aufgelöst - Orts- und Gemeindevereine,"{1, in den letzten 5 Jahren aufgelöst}...",Nominal
GSB17_Q34_3_14,Numerisch,34. in den letzten 5 Jahren aufgelöst - Wählervereinigung,"{1, in den letzten 5 Jahren aufgelöst}...",Nominal
GSB17_Q34_3_15,Numerisch,34. in den letzten 5 Jahren aufgelöst - grün-alternative Gruppierungen,"{1, in den letzten 5 Jahren aufgelöst}...",Nominal
GSB17_Q34_3_16,Numerisch,34. in den letzten 5 Jahren aufgelöst - andere politische Gruppierungen,"{1, in den letzten 5 Jahren aufgelöst}...",Nominal
GSB17_Q35_1_1,Numerisch,35. Wahlbeteiligung in Ihrer Gemeinde bei den letzten Wahlen der Gemeindeexekutive,Ohne,Skala
GSB17_Q35_1_2,Numerisch,35. Wahlbeteiligung in Ihrer Gemeinde bei den letzten Wahlen des Kantonsparlaments,Ohne,Skala
GSB17_Q35_1_3,Numerisch,35. Wahlbeteiligung in Ihrer Gemeinde bei den letzten Nationalratswahlen,Ohne,Skala
GSB17_Q135_2,Numerisch,35. Waren die letzten Wahlen der Gemeindeexekutive stille Wahlen?,"{1, ja}...",Nominal
GSB17_Q36a,Numerisch,36a. Wie viele Mitglieder umfasst die Gemeindeexekutive? (Anzahl Mitglieder),"{3, 3}...",Nominal
GSB17_Q36b,Numerisch,36b. Wie viele davon sind Frauen? (Anzahl Mitglieder),"{1, 1}...",Nominal
GSB17_Q37,Numerisch,37. Wie schwierig gestaltet sich in Ihrer Gemeinde die Suche nach genügend quali,"{1, sehr leicht}...",Nominal
GSB17_Q38,Numerisch,38. Nach welchem Wahlverfahren wird die Gemeindeexekutive gewählt?,"{1, Majorz}...",Nominal
GSB17_Q39a_1,Numerisch,39a. Wie viele Mitglieder der Gemeindeexekutive (inkl. Präsident/-in) sind: ehrenamtlich,Ohne,Nominal
GSB17_Q39a_2,Numerisch,39a. Wie viele Mitglieder der Gemeindeexekutive (inkl. Präsident/-in) sind: teilzeitlich,Ohne,Nominal
GSB17_Q39a_3,Numerisch,39a. Wie viele Mitglieder der Gemeindeexekutive (inkl. Präsident/-in) sind: vollzeitlich,Ohne,Nominal
GSB17_Q39b_1,Numerisch,39b. Wenn voll- oder teilzeitlich: Stellenprozente für das Gemeindepräsidium?,Ohne,Skala
GSB17_Q39b_2,Numerisch,39b. Wenn voll- oder teilzeitlich: Stellenprozente für die gesamte Exekutive?,Ohne,Skala
GSB17_Q40_1,Numerisch,40. Wie hoch ist die jährliche Entschädigung für die gesamte Gemeindeexekutive?,Ohne,Skala
GSB17_Q41_1,Numerisch,"41a. Wie viele politische Ämter (Exekutive, Legislative, Kommissionen) gibt es in Gemeinde?",Ohne,Skala
GSB17_Q41b_1,Numerisch,41b. Wie viele verschiedene Personen nehmen diese Ämter ein?,Ohne,Skala
GSB17_Q42,Numerisch,42. Wo werden die Exekutivmitglieder gewählt?,"{1, an der Urne}...",Nominal
GSB17_Q43_1,Numerisch,43. Reformen in den vergangenen 10 Jahren? - Verkleinerung der Gemeindeexekutive,"{1, vor mehr als 5 Jahren}...",Nominal
GSB17_Q43_2,Numerisch,43. Reformen in den vergangenen 10 Jahren? - Erhöhung Entschädigung Gemeindeexekutive,"{1, vor mehr als 5 Jahren}...",Nominal
GSB17_Q44_1_Q44_1_1,Numerisch,44. Gemeindeexekutive ohne Präsident/in - FDP. Die Liberalen - Männer,Ohne,Nominal
GSB17_Q44_1_Q44_1_2,Numerisch,44. Gemeindeexekutive ohne Präsident/in - FDP. Die Liberalen - Frauen,Ohne,Nominal
GSB17_Q44_1_Q44_2_1,Numerisch,44. Gemeindeexekutive ohne Präsident/in - CVP - Männer,Ohne,Nominal
GSB17_Q44_1_Q44_2_2,Numerisch,44. Gemeindeexekutive ohne Präsident/in - CVP - Frauen,Ohne,Nominal
GSB17_Q44_1_Q44_3_1,Numerisch,44. Gemeindeexekutive ohne Präsident/in - CSP - Männer,Ohne,Nominal
GSB17_Q44_1_Q44_3_2,Numerisch,44. Gemeindeexekutive ohne Präsident/in - CSP - Frauen,Ohne,Nominal
GSB17_Q44_1_Q44_4_1,Numerisch,44. Gemeindeexekutive ohne Präsident/in - SVP - Männer,Ohne,Nominal
GSB17_Q44_1_Q44_4_2,Numerisch,44. Gemeindeexekutive ohne Präsident/in - SVP - Frauen,Ohne,Nominal
GSB17_Q44_1_Q44_5_1,Numerisch,44. Gemeindeexekutive ohne Präsident/in - SP - Männer,Ohne,Nominal
GSB17_Q44_1_Q44_5_2,Numerisch,44. Gemeindeexekutive ohne Präsident/in - SP - Frauen,Ohne,Nominal
GSB17_Q44_1_Q44_6_1,Numerisch,44. Gemeindeexekutive ohne Präsident/in - BDP - Männer,Ohne,Nominal
GSB17_Q44_1_Q44_6_2,Numerisch,44. Gemeindeexekutive ohne Präsident/in - BDP - Frauen,Ohne,Nominal
GSB17_Q44_1_Q44_7_1,Numerisch,44. Gemeindeexekutive ohne Präsident/in - EVP - Männer,Ohne,Nominal
GSB17_Q44_1_Q44_7_2,Numerisch,44. Gemeindeexekutive ohne Präsident/in - EVP - Frauen,Ohne,Nominal
GSB17_Q44_1_Q44_8_1,Numerisch,44. Gemeindeexekutive ohne Präsident/in - EDU - Männer,Ohne,Nominal
GSB17_Q44_1_Q44_8_2,Numerisch,44. Gemeindeexekutive ohne Präsident/in - EDU - Frauen,Ohne,Nominal
GSB17_Q44_1_Q44_9_1,Numerisch,44. Gemeindeexekutive ohne Präsident/in - GLP - Männer,Ohne,Nominal
GSB17_Q44_1_Q44_9_2,Numerisch,44. Gemeindeexekutive ohne Präsident/in - GLP - Frauen,Ohne,Nominal
GSB17_Q44_1_Q44_10_1,Numerisch,44. Gemeindeexekutive ohne Präsident/in - GPS - Männer,Ohne,Nominal
GSB17_Q44_1_Q44_10_2,Numerisch,44. Gemeindeexekutive ohne Präsident/in - GPS - Frauen,Ohne,Nominal
GSB17_Q44_1_Q44_11_1,Numerisch,44. Gemeindeexekutive ohne Präsident/in - Lega - Männer,Ohne,Nominal
GSB17_Q44_1_Q44_11_2,Numerisch,44. Gemeindeexekutive ohne Präsident/in - Lega - Frauen,Ohne,Nominal
GSB17_Q44_1_Q44_12_1,Numerisch,44. Gemeindeexekutive ohne Präsident/in - andere Parteien - Männer,Ohne,Nominal
GSB17_Q44_1_Q44_12_2,Numerisch,44. Gemeindeexekutive ohne Präsident/in - andere Parteien - Frauen,Ohne,Nominal
GSB17_Q44_1_Q44_13_1,Numerisch,44. Gemeindeexekutive ohne Präsident/in - parteilos - Männer,Ohne,Nominal
GSB17_Q44_1_Q44_13_2,Numerisch,44. Gemeindeexekutive ohne Präsident/in - parteilos - Frauen,Ohne,Nominal
GSB17_Q44_1_Q44_14_1,Numerisch,44. Gemeindeexekutive ohne Präsident/in - Orts- und Gemeindevereine - Männer,Ohne,Nominal
GSB17_Q44_1_Q44_14_2,Numerisch,44. Gemeindeexekutive ohne Präsident/in - Orts- und Gemeindevereine - Frauen,Ohne,Nominal
GSB17_Q44_1_Q44_15_1,Numerisch,44. Gemeindeexekutive ohne Präsident/in - Wählervereinigungen - Männer,Ohne,Nominal
GSB17_Q44_1_Q44_15_2,Numerisch,44. Gemeindeexekutive ohne Präsident/in - Wählervereinigungen - Frauen,Ohne,Nominal
GSB17_Q44_1_Q44_16_1,Numerisch,44. Gemeindeexekutive ohne Präsident/in - Grün-alternative Gruppierungen - Männer,Ohne,Nominal
GSB17_Q44_1_Q44_16_2,Numerisch,44. Gemeindeexekutive ohne Präsident/in - Grün-alternative Gruppierungen - Frauen,Ohne,Nominal
GSB17_Q44_1_Q44_17_1,Numerisch,44. Gemeindeexekutive ohne Präsident/in - andere politische Gruppierungen - Männer,Ohne,Nominal
GSB17_Q44_1_Q44_17_2,Numerisch,44. Gemeindeexekutive ohne Präsident/in - andere politische Gruppierungen - Frauen,Ohne,Nominal
GSB17_Q44_2_Q44_1,Numerisch,44. Gemeindepräsident/-in - FDP. Die Liberalen,"{1, Mann}...",Nominal
GSB17_Q44_2_Q44_2,Numerisch,44. Gemeindepräsident/-in - CVP,"{1, Mann}...",Nominal
GSB17_Q44_2_Q44_3,Numerisch,44. Gemeindepräsident/-in - CSP,"{1, Mann}...",Nominal
GSB17_Q44_2_Q44_4,Numerisch,44. Gemeindepräsident/-in - SVP,"{1, Mann}...",Nominal
GSB17_Q44_2_Q44_5,Numerisch,44. Gemeindepräsident/-in - SP,"{1, Mann}...",Nominal
GSB17_Q44_2_Q44_6,Numerisch,44. Gemeindepräsident/-in - BDP,"{1, Mann}...",Nominal
GSB17_Q44_2_Q44_7,Numerisch,44. Gemeindepräsident/-in - EVP,"{1, Mann}...",Nominal
GSB17_Q44_2_Q44_8,Numerisch,44. Gemeindepräsident/-in - EDU,"{1, Mann}...",Nominal
GSB17_Q44_2_Q44_9,Numerisch,44. Gemeindepräsident/-in - GLP,"{1, Mann}...",Nominal
GSB17_Q44_2_Q44_10,Numerisch,44. Gemeindepräsident/-in - GPS,"{1, Mann}...",Nominal
GSB17_Q44_2_Q44_11,Numerisch,44. Gemeindepräsident/-in - Lega,"{1, Mann}...",Nominal
GSB17_Q44_2_Q44_12,Numerisch,44. Gemeindepräsident/-in - andere Parteien,"{1, Mann}...",Nominal
GSB17_Q44_2_Q44_13,Numerisch,44. Gemeindepräsident/-in - parteilos,"{1, Mann}...",Nominal
GSB17_Q44_2_Q44_14,Numerisch,44. Gemeindepräsident/-in - Orts- und Gemeindevereine,"{1, Mann}...",Nominal
GSB17_Q44_2_Q44_15,Numerisch,44. Gemeindepräsident/-in - Wählervereinigungen,"{1, Mann}...",Nominal
GSB17_Q44_2_Q44_16,Numerisch,44. Gemeindepräsident/-in - Grün-alternative Gruppierungen,"{1, Mann}...",Nominal
GSB17_Q44_2_Q44_17,Numerisch,44. Gemeindepräsident/-in - andere politische Gruppierungen,"{1, Mann}...",Nominal
GSB17_Q45,Numerisch,45. Gibt es in Ihrer Gemeinde...,"{1, eine Gemeindeversammlung}...",Nominal
GSB17_Q46_1,Numerisch,46. Wie viele Stimmberechtigte nehmen durchschnittlich an der Gemeindeversammlung teil?,Ohne,Skala
GSB17_Q47,Numerisch,"47. Wurden in Ihrer Gemeinde in den letzten Jahren Vorstösse oder Initiativen unternommen, um die Gemeindeversammlung durch ein Gemeindeparlament zu ersetzen","{1, ja}...",Nominal
GSB17_Q48a_1,Numerisch,48a. Wie viele Mitglieder umfasst das Parlament? - Anzahl Mitglieder,Ohne,Skala
GSB17_Q48b_1,Numerisch,48b. Wie viele davon sind Frauen? - Anzahl Frauen,Ohne,Skala
GSB17_Q49_1,Numerisch,"49. Probleme des Gemeindeparlaments? - es ist schwienrig, genügend Kandidierende zu finde","{1, trifft zu}...",Nominal
GSB17_Q49_2,Numerisch,49. Probleme des Gemeindeparlaments? - viele Gewählte bleiben nur eine Legislatur,"{1, trifft zu}...",Nominal
GSB17_Q49_3,Numerisch,49. Probleme des Gemeindeparlaments? - es gibt zu viele Rücktritte während der Legislatur,"{1, trifft zu}...",Nominal
GSB17_Q49_4,Numerisch,49. Probleme des Gemeindeparlaments? - viele Parlamentarier/-innen sind sachlich überfordert,"{1, trifft zu}...",Nominal
GSB17_Q49_5,Numerisch,49. Probleme des Gemeindeparlaments? - das Parlament kann die Exekutive nur ungenügend kontrollieren,"{1, trifft zu}...",Nominal
GSB17_Q49_6,Numerisch,49. Probleme des Gemeindeparlaments? - es kommt zu einer unnötigen Politisierung der lokalen Politik,"{1, trifft zu}...",Nominal
GSB17_Q50_1,Numerisch,50. Parlamente sind unterschiedlich organisiert und unterstützen ihre Mitglieder: ein Parlamentsdienst unterschützt die Arbeit der Parlamentarier/-innen,"{1, trifft zu}...",Nominal
GSB17_Q50_2,Numerisch,50. Parlamente sind unterschiedlich organisiert und unterstützen ihre Mitglieder: das Parlament verfügt über ständige Sachkommissionen,"{1, trifft zu}...",Nominal
GSB17_Q50_3,Numerisch,50. Parlamente sind unterschiedlich organisiert und unterstützen ihre Mitglieder: Parteien und/oder Fraktionen erhalten eine Entschädigung,"{1, trifft zu}...",Nominal
GSB17_Q50_4,Numerisch,50. Parlamente sind unterschiedlich organisiert und unterstützen ihre Mitglieder: Parlamentarier/-innen können sich durch Ersatzleute vertreten lassen,"{1, trifft zu}...",Nominal
GSB17_Q51,Numerisch,"51. Wurden in Ihrer Gemeinde in den letzten Jahren Vorstösse oder  Initiativen unternommen, um das Gemeindeparlament durch eine  Gemeindeversammlung zu ersetzen?","{1, ja}...",Nominal
GSB17_Q52_1_1_1,Numerisch,52. Anzahl Personen - kommunale Verwaltung im engeren Sinne - (Zahl),Ohne,Skala
GSB17_Q52_1_2_1,Numerisch,52. Anzahl Personen - kommunale öffentlich-rechtliche Anstalten und Organisationen (Zahl),Ohne,Skala
GSB17_Q52_1_3_1,Numerisch,52. Anzahl Personen - Bildungswesen (Lehrkräfte) - (Zahl),Ohne,Skala
GSB17_Q52_2_1_1,Numerisch,52. Stellenprozente - kommunale Verwaltung im engeren Sinne - (Prozentzahl),Ohne,Skala
GSB17_Q52_2_2_1,Numerisch,52. Stellenprozente - kommunale öffentlich-rechtliche Anstalten und Organisationen (Prozentzahl),Ohne,Skala
GSB17_Q52_2_3_1,Numerisch,52. Stellenprozente - Bildungswesen (Lehrkräfte) - (Prozentzahl),Ohne,Skala
GSB17_Q53,Numerisch,53. Wie hat sich der Personalbestand (nach Stellenprozent) in den letzten 10 Jahren verändert?,"{1, zugenommen}...",Nominal
GSB17_Q54_1,Numerisch,54. Konkrete Probleme der Gemeindeverwaltung: die Gemeindeverwaltung erfüllt ihre Aufgaben ohne Probleme,"{1, 1-trifft überhaupt nicht zu}...",Nominal
GSB17_Q54_2,Numerisch,54. Konkrete Probleme der Gemeindeverwaltung: der Gemeindeverwaltung fehlt es an Personal,"{1, 1-trifft überhaupt nicht zu}...",Nominal
GSB17_Q54_3,Numerisch,54. Konkrete Probleme der Gemeindeverwaltung: der Gemeindeverwaltung fehlt es an den notwendigen Finanzen,"{1, 1-trifft überhaupt nicht zu}...",Nominal
GSB17_Q54_4,Numerisch,54. Konkrete Probleme der Gemeindeverwaltung: der Gemeindeverwaltung fehlt es an den notwendigen Fachkenntnissen,"{1, 1-trifft überhaupt nicht zu}...",Nominal
GSB17_Q54_5,Numerisch,54. Konkrete Probleme der Gemeindeverwaltung: die Distanz zu den Bürgern/-innen ist zu gross,"{1, 1-trifft überhaupt nicht zu}...",Nominal
GSB17_Q54_6,Numerisch,54. Konkrete Probleme der Gemeindeverwaltung: viele Prozesse sind zu kompliziert,"{1, 1-trifft überhaupt nicht zu}...",Nominal
GSB17_Q54_7,Numerisch,54. Konkrete Probleme der Gemeindeverwaltung: es fehlt an operativen Freiheiten,"{1, 1-trifft überhaupt nicht zu}...",Nominal
GSB17_Q54_8,Numerisch,54. Konkrete Probleme der Gemeindeverwaltung: die Aufgaben sind zu wenig klar definiert,"{1, 1-trifft überhaupt nicht zu}...",Nominal
GSB17_Q54_9,Numerisch,54. Konkrete Probleme der Gemeindeverwaltung: die Zusammenarbeit mit der Exekutive gestaltet sich als schwierig,"{1, 1-trifft überhaupt nicht zu}...",Nominal
GSB17_Q54_10,Numerisch,54. Konkrete Probleme der Gemeindeverwaltung: die Entscheidungswege sind lang,"{1, 1-trifft überhaupt nicht zu}...",Nominal
GSB17_Q55_1,Numerisch,55. Wie beurteilen Sie die Leistungsfähigkeit Ihrer Gemeindeverwaltung?,"{1, 1-sehr schlecht}...",Nominal
GSB17_Q56,Numerisch,56. Wie ist die Gemeindeexekutive ihrer Gemeinde organisiert? - Selected Choice,"{1, …nach einem Ressort- resp. Departementssystem}...",Nominal
GSB17_Q56_3_TEXT,Zeichenfolge,56. Wie ist die Gemeindeexekutive ihrer Gemeinde organisiert? - …anderes System: welches?,Ohne,Nominal
GSB17_Q57_1,Numerisch,57. Führungsaufgaben Gemeindepräsident/in? - er/sie führt den/die Gemeindeschreiber/-in als Linienvorgesetzte/r,"{1, trifft zu}...",Nominal
GSB17_Q57_2,Numerisch,57. Führungsaufgaben Gemeindepräsident/in? - er/sie führt weitere Verwaltungskader und/oder -mitarbeitende als Linienvorgesetzte/r,"{1, trifft zu}...",Nominal
GSB17_Q57_3,Numerisch,57. Führungsaufgaben Gemeindepräsident/in? - er/sie leitet ein Ressort inhaltlich,"{1, trifft zu}...",Nominal
GSB17_Q57_4,Numerisch,57. Führungsaufgaben Gemeindepräsident/in? - er/sie leitet ausgewählte Geschäfte ausserhalb von Ressorts inhaltlich,"{1, trifft zu}...",Nominal
GSB17_Q58,Numerisch,"58. Arbeitet der/die Gemeindepräsident/-in aktiv in der Verwaltung mit,  d.h. erledigt er/sie auch administrative Tätigkeiten ähnlich wie  Verwaltungsmitarbeitende?","{1, ja}...",Nominal
GSB17_Q59_1,Numerisch,59. Führungsaufgaben übrige Mitglieder der Gemeindeexekutive: sie führen Verwaltungskader und/oder -personal als Linienvorgesetzte,"{1, trifft zu}...",Nominal
GSB17_Q59_2,Numerisch,59. Führungsaufgaben übrige Mitglieder der Gemeindeexekutive: sie leiten Ressorts inhaltlich,"{1, trifft zu}...",Nominal
GSB17_Q59_3,Numerisch,59. Führungsaufgaben übrige Mitglieder der Gemeindeexekutive: sie leiten ausgewählte Geschäfte ausserhalb ihrer Ressorts inhaltlich,"{1, trifft zu}...",Nominal
GSB17_Q60,Numerisch,"60. Arbeiten die Exekutivmitglieder aktiv in der Verwaltung mit, d.h. erledigen sie auch administrative Tätigkeiten ähnlich einem Verwaltungsmitarbeiter?","{1, ja}...",Nominal
GSB17_Q61,Numerisch,61. interne Organisation der Gemeindeverwaltung: …eine Ressort- oder Departementsstruktur analog der Gemeindeexekutive,"{1, …eine Ressort- oder Departementsstruktur analog der Gemeindeexekutive}...",Nominal
GSB17_Q61_2_TEXT,Zeichenfolge,"61. interne Organisation der Gemeindeverwaltung: andere, nicht genannte Struktur",Ohne,Nominal
GSB17_Q62,Numerisch,62. Wer ist für die operative Leitung der Gemeindeverwaltung zuständig?,"{1, die Mitglieder der Gemeindeexekutive in ihren zuständigen Ressorts/Departemente}...",Nominal
GSB17_Q63,Numerisch,63. Wann wurden letztmals grössere Anpassungen an der aktuellen Führungs- und Organisationsstruktur Ihrer Gemeinde vorgenommen?,Ohne,Skala
GSB17_Q64,Numerisch,64. Wie lange sind Sie schon als Gemeindeschreiber/-in in dieser Gemeinde tätig?,"{1, 1}...",Skala
GSB17_Q65,Numerisch,"65. Dürfen wir Sie bitten, Ihr Geschlecht anzugeben?","{1, männlich}...",Nominal
GSB17_Q66,Numerisch,66. Welches ist Ihre höchste abgeschlossene Ausbildung?,"{1, obligatorische Schule}...",Nominal
pop17,Numerisch,Einwohnerzahl BFS per 31.12.2016,Ohne,Skala
pop17_8,Numerisch,Gemeindegrössenklassen 8er-Kategorie 2017,"{1.00, -249}...",Nominal
pop17_10,Numerisch,Gemeindegrössenklassen 10er-Kategorie 2017,"{1.00, -249}...",Nominal
kant2017,Numerisch,Kantonszugehörigkeit Gemeinden 2017,"{1.00, ZH}...",Skala
spr17,Numerisch,Sprachregion 2017 (Stand BFS 2000 aktualisiert),"{1.00, Deutsch}...",Nominal